{"MAE": 3.1927779079858345, "MSE": 18.053557039041458, "R-squared": 0.8446435692582809}