{"MAE": 3.339755855643752, "MSE": 19.721349226799372, "R-squared": 0.8302917027009773}