{"MAE": 4.843635778038926, "MSE": 36.35380499177329, "R-squared": 0.6871642870605041}