{"MAE": 3.306677489573524, "MSE": 19.513431873207523, "R-squared": 0.8320808957045189}