{"MAE": 5.936163984932059, "MSE": 67.1868206683089, "R-squared": 0.42183667022847127}