{"MAE": 2.674004739261637, "MSE": 13.320298567709767, "R-squared": 0.8853747193742327}