{"MAE": 2.6745190367281046, "MSE": 13.326718686936633, "MAPE": 0.17643739333598904, "R-squared": 0.8853182868226083}