{"MAE": 3.46352593325555, "MSE": 21.817592870086333, "R-squared": 0.8122528791227861}