{"MAE": 4.3407259854702005, "MSE": 34.064875800467505, "R-squared": 0.7068612292538237}