{"MAE": 3.1221747398376465, "MSE": 17.3670711517334, "R-squared": 0.8505510091781616}