{"MAE": 3.7035326606802323, "MSE": 24.29699023671742, "R-squared": 0.7909168994907815}